{"cameraMode":{"drawMode":0,"name":"Shaded","section":"Shading Mode"},"sceneLighting":false,"audioPlay":false,"sceneViewState":{"showFog":true,"showMaterialUpdate":false,"showSkybox":true,"showFlares":true,"showImageEffects":true,"showParticleSystems":true},"in2DMode":false,"pivot":{"x":0.2199999988079071,"y":-0.30000001192092898,"z":-251.5},"rotation":{"x":-0.27840185165405276,"y":0.19478702545166017,"z":-0.057768628001213077,"w":-0.9387302994728088},"size":308.60296630859377,"orthographic":false}